{
  "Author": "akira0245",
  "Name": "Radar",
  "InternalName": "Radar",
  "AssemblyVersion": "2.0.3.1",
  "Description": "在屏幕和游戏地图上显示游戏实体的位置。\nDisplays game objects location on screen and map.",
  "ApplicableVersion": "any",
  "Tags": [
    "overlay",
    "hunt",
    "akira"
  ],
  "DalamudApiLevel": 8,
  "LoadRequiredState": 0,
  "LoadSync": false,
  "LoadPriority": 0,
  "IconUrl": "https://i.loli.net/2021/09/24/UaxuSd9ODk5Ngil.png",
  "Punchline": "Displays game objects location on screen and map.",
  "AcceptsFeedback": true
}